{"cameraMode":{"drawMode":0,"name":"Shaded","section":"Shading Mode"},"sceneLighting":true,"audioPlay":false,"sceneViewState":{"m_AlwaysRefresh":false,"showFog":true,"showSkybox":true,"showFlares":true,"showImageEffects":true,"showParticleSystems":true,"showVisualEffectGraphs":true,"m_FxEnabled":true},"in2DMode":false,"pivot":{"x":-64.09557342529297,"y":3.9686179161071779,"z":7.561176300048828},"rotation":{"x":0.026642533019185067,"y":-0.05903858318924904,"z":-0.0015730554005131126,"w":-0.9979426264762878},"size":1.4686851501464844,"orthographic":false}